Name,Website
PublicName / Nom public
"Family, Youth and Child Services of Muskoka",www.fycsm.ca
Halton Family Services,www.haltonfamilyservices.org
York Support Services Network,www.yssn.ca
Phoenix Centre for Children and Families,www.phoenixpembroke.com
Rapport Youth and Family Services
ROCK Reach Out Centre for Kids,www.rockonline.ca
Huron-Perth Centre,www.hpcentre.on.ca
"Point in Time Centre for Children, Youth and Parents",www.pointintime.ca
Northumberland Community Counselling Centre,www.northumberlandccc.com
Northumberland Community Counselling Centre,www.northhumberlandccc.com
Oxford-Elgin Child and Youth Centre,www.ocyc.on.ca
Pathstone Mental Health,www.pathstonementalhealth.ca
Firefly,www.fireflynw.ca
Algoma Family Services,www.algomafamilyservices.org
Southwest Ontario Aboriginal Health Centre,www.soahac.on.ca
North of Superior Counselling Programs,www.nosp.on.ca
Hands,www.thefamilyhelpnetwork.ca
Jewish Family & Child,www.jfandcs.com
Pathways for Children and Youth,www.pathwayschildrenyouth.org
Valoris for Children and Adults of Prescott-Russell,www.valorispr.ca
Children's Mental Health of Leeds and Grenville,www.cmhlg.ca
Child Development Institute,www.childdevelop.ca
Family Services York Region,www.fsyr.ca
Rebound,www.reboundonline.com
Youth Habilitation Quinte,www.youthab.ca
Family Services Windsor,www.familyserviceswe.ca
Dilico Anishinabek Family Care,www.dilico.com
Child and Family Centre,childandfamilycentre.on.ca
Child and Family Centre,www.childandfamilycentre.on.ca
North Eastern Ontario Family and Children's Services,www.neofacs.org
Kenora-Rainy River Districts Child and Family Services,www.krrcfs.ca
360 Kids,www.360kids.ca
Loft Community Services,www.loftcs.org
Carizon Family and Community Services,www.carizon.ca
Open Doors for Lanark Children and Youth,opendoors.on.ca
Kinark Child and Family Services,www.kinark.on.ca
Peel Children's Centre,www.tangerinewalkin.com
Peel Children's Centre,www.peelcc.org
Huron
Children's Centre Thunder Bay,www.childrenscentre.ca
Anishnawbe Health Toronto,www.aht.ca
Hong Fook Mental Health Association,www.hongfook.ca
Hearst,counsellinghks.ca
Minto Counselling Centre,www.mintocounsellingcentre.org
Community Care Durham,www.communitycaredurham.on.ca
Durham Mental Health Services,www.dmhs.ca
Family Services Durham,www.durham.ca
The Youth Centre,www.theyouthcentre.ca
Lutherwood,www.lutherwood.ca
Halton Region,www.halton.ca
Across Boundaries,www.acrossboundaries.ca
Metis Nation Of Ontario,www.metisnation.org
Catholic Family Services of Durham,www.cfsdurham.com
Mental Health Services Hastings Prince Edward,www.mentalhealthservices.ca
Costi,www.costi.org
Family Association For Mental Health Everywhere,www.fameforfamilies.com
Family Association For Mental Health Everywhere,fameforfamilies.com
Leeds Grenville Mental Health,www.lgmentalhealth.ca
Muki Baum Treatment Centre,www.mukibaum.com
United Native Friendship Centre,www.unfc.org
Catholic Family Services,www.cfstoronto.com
Family Service Toronto,www.familyservicetoronto.org
ROCK Reach Out Centre for Kids,s359353364.onlinehome.us
Family Counselling Centre of Cambridge and North Dumfries,www.fcccnd.com
Family Counselling Centre of Cambridge and North Dumfries,fcccnd.com
Catholic Family Services of Simcoe County,cfssc.ca
Family Services of Peel,www.fspeel.org
Family And Children's Services Niagara,www.fccniagara.on.ca
Korean Canadian Women's Association,www.kcwa.net
Canadian Mental Health Association,www.cmha-wecb.on.ca
Counselling and Support Services of S.D. and G.,www.css-sdg.ca
Canadian Mental Health Association,www.cmhaniagara.ca
New Path,www.newpath.ca
Dryden Regional Health Centre,www.drhc.on.ca
Addiction and Mental Health Services,www.amhs-kfla.ca
Addiction and Mental Health Services,www.fcmhas.ca
Sudbury Mental Health and Addictions Centre,www.hsnsudbury.ca
Front Door,www.frontdoormentalhealth.ca
Lady Dunn Health Centre,www.ldhc.com
Canadian Mental Health Association,www.lambtonkent.cmha.ca
Walk-In Counselling Clinic,walkincounselling.com
Canadian Mental Health Association,www.mpscmhs.on.ca
Canadian Mental Health Association,www.mps.cmha.ca
Catholic Community Services of York Region,ccsyr.org
Catholic Family Services of Simcoe County,www.cfssc.ca
Children's Mental Health Services,www.cmhs-hpe.on.ca
Canadian Mental Health Association,www.cmhaoxford.on.ca
Canadian Mental Health Association,www.cmha-yr.on.ca
Hincks-Dellcrest Centre,www.hincksdellcrest.org
Aboriginal Health Centre (de Dwa Da Dehs Nye),www.aboriginalhealthcentre.com
Abrigo Centre,www.abrigo.ca
Aisling Discoveries Child and Family Centre,www.aislingdiscoveries.on.ca
Adventure Place,www.adventureplace.ca
416 Community Support for Women,www.416community.com
Associated Youth Services of Peel,www.aysp.ca
Association of Differently Abled People Together,www.adaptofontario.com
Barrie Native Friendship Centre,www.barrienativefriendshipcentre.com
Algonquins of Pikwakanagan First Nation,www.algonquinsofpikwakanagan.com
Alpha Court
Blake Boultbee Youth Outreach Service,www.bbyos.org
Anne Johnston Health Station,www.ajhs.ca
Catholic Family Development Centre,catholicfamilycentre.ca
Carlington Community Health Centre,www.carlington.ochc.org
Catulpa Community Support Services -Intensive Service Coordination Services,www.catulpa.on.ca
Can-Am Indian Friendship Centre
Blue Hills Child and Family Centre,www.bluehillscentre.ca
Catholic Family Service Ottawa,www.cfsottawa.ca
Bramalea Community Health Centre,www.bramaleachc.ca
Central Toronto Youth Services,www.ctys.org
Chatham-Kent Children's Services,www.ckca.on.ca
Centre francophone de Toronto,www.centrefranco.org
Centre Psychosocial,www.centrepsychosocial.ca
Centre for Addiction and Mental Health,www.camh.ca
Centretown Community Health Centre,www.centretownchc.org
Children First,www.children-first.ca
Chimo Youth And Family Services,www.chimoyouth.ca
Chinese Family Services Of Ontario,www.chinesefamilyso.com
Choices for Change,www.choicesforchange.ca
Chippewas of Nawash Unceded First Nation,www.nawash.ca
Child and Parent Resource Centre (CPRI),www.cpri.ca
CMHA,www.cmhact.ca
City of Hamilton,www.hamilton.ca
CMHA,www.brant.cmha.ca
CMHA,www.cmhahkpr.ca
CMHA,www.cmhaelgin.ca
CMHA,www.halton.cmha.ca
CMHA,www.cmhak.on.ca
CMHA,www.cmhassm.com
CMHA,www.cmhapeel.ca
CMHA,www.cmhahamilton.ca
CMHA,cmhamiddlesex.ca
CMHA,www.cmha-hp.on.ca
CMHA,www.cmhakingston.blogspot.ca
Cochrane Temiskaming Children's Treatment Centre,www.ctctc.org
Community Counselling Centre of Nipissing,www.cccnip.com
CMHA,thunderbay.cmha.ca
CMHA,www.cmha-mhassc.ca
CMHA,www.toronto.cmha.ca
CMHA,www.mobyss.ca
CMHA,cmha-yr.on.ca
CMHA,www.sm.cmha.ca
CMHA,www.wwd.cmha.ca
Counselling Services of Belleville and District,www.csbd.on.ca
Craigwood Youth Services,www.craigwood.on.ca
Crossroads Children's Centre,www.crossroadschildren.ca
Cornwall Community Hospital,www.cornwallhospital.ca
Counselling Centre of East Algoma,www.counsellingeastalgoma.ca
Cota Health,www.cotainspires.ca
David Busby Street Centre,www.busbycentre.ca
Daya Counselling Centre,www.dayacounselling.on.ca
Delisle Youth Services,www.delisleyouth.org
Dokis First Nation,www.dokisfirstnation.com
Eastern Ottawa Resource Centre,www.eorc-gloucester.org
Dufferin Child and Family Services,www.dcafs.on.ca
Dufferin Child and Family Services,dcafs.on.ca
Dawn Patrol Child and Youth Services,www.dawnpatrol.on.ca
Dryden Native Friendship Centre,www.ofifc.org
Family Adolescent Straight Talk,www.familytalk.ca
EMYS,www.emys.on.ca
EMYS
Etobicoke Children's Centre,www.etobicokechildren.com
Egale Youth OUTreach,www.egale.ca
Essex Youth Centre,essexyouthcentre.ca
Espanola General Hospital and Health Centre,www.espanolaregionalhospital.ca
Family Counselling and Support Services for Guelph-Wellington,www.familyserviceguelph.on.ca
Family Counselling Centre,www.familycounsellingctr.com
Family Counselling Centre of Brant,www.fccb.ca
Family Service Thames Valley,www.familyservicethamesvalley.ca
Family Service Kent,familyservicekent.com
Family Services Ottawa,www.familyservicesottawa.org
Family Services Ottawa
Family Services Perth-Huron,familyservicesperth-huron.ca
Frontenac Youth Services,www.frontenacyouthservices.org
Gateway Community Health Centre,www.gatewaychc.org
George Hull Centre for Children and Families,www.georgehullcentre.on.ca
For You Telecare Family Service,www.futfs.org
For You Telecare Family Service
Fred Victor Centre,www.crct.org
Four Corners Health Centre,www.fourcornershealthcentre.ca
Gizhewaadiziwin Health Access Centre,gizhac.com
Halton Family Services,www.accesscounselling.ca
Griffin Centre,www.griffin-centre.org
Haldimand-Norfolk REACH,www.hnreach.on.ca
Here 24/7,here247.ca
Jamaican Canadian Association,www.jcassoc.com
Jewish Family Services of Ottawa,www.jfsottawa.com
HopeGreyBruce Mental Health and Addictions Services,www.mhagb.ca
H�pital Montfort,www.hopitalmontfort.com
HopeGreyBruce Mental Health and Addictions Services,www.hopegb.org
Huron Safe Homes for Youth,www.huronsafehomes.com
Windsor Regional Children's Centre,www.hdgh.org
K3C Community Counselling Centres,www.k3c.org
Kunuwanimano Child and Family Services,www.kunuwanimano.com
KW Counselling Services,www.kwcounselling.com
KW Counselling Services,www.ok2bme.ca
Kenora Chiefs Advisory,www.kenorachiefs.ca
"Keystone Child, Youth and Family Services",www.keystonebrucegrey.org
Lake Of The Woods District Hospital,www.lwdh.on.ca
Kiikeewanniikaan Southwest Regional Healing Lodge,www.swrhl.ca
London InterCommunity Health Centre,www.lihc.on.ca
Main Street Community Services,www.mainstreetcommunityservices.com
Lakeridge Health Oshawa,www.lakeridgehealth.on.ca
Lynwood Charlton Centre,lynwoodcharlton.ca
Lowertown Community Resource Centre,www.crcbv.ca
Laurencrest Youth Services,ontchildypro.ca
Mississauga First Nations,www.mississaugi.com
Moosonee Native Friendship Centre,www.onlink.net
Malvern Family Resource Centre,www.mfrc.org
Massey Centre,www.massey.ca
Mississaugas of Scugog First Nation,www.scugogfirstnation.com
Mohawks of the Bay of Quinte,www.mbq-tmt.org
Mississaugas Of New Credit First Nation,www.newcreditfirstnation.com
Moosonee Hospital Site,www.weeneebaykohealth.ca
Minwaashin Lodge,minlodge.com
Nelson Youth Centres,www.nelsonyouthcentres.com
"Nepean, Rideau and Osgoode Community Resource Centre",www.nrocrc.org
Nipissing First Nation
Nexus Youth Services,www.nexusyouth.ca
Native Child and Family Services of Toronto,www.nativechild.org
Naotkamegwanning First Nation,www.naotkamegwanning.met
Naotkamegwanning First Nation,www.naotkamegwanning.ca
Niagara Regional Native Centre,www.nrnc.ca
North Bay Indian Friendship Centre,www.nbifc.org
North Hamilton Community Health Centre,www.nhchc.ca
North Renfrew Family Services,www.bright-ideas-software.com
Oneida Nation Of The Thames,oneida.on.ca
Orl�ans-Cumberland Community Resource Centre,www.crcoc.ca
Ottawa Chinese Community Service Centre,occsc.org
Oolagen,www.oolagen.org
North Lanark Community Health Centre,www.northlanarkchc.on.ca
Orangeville Dufferin Area Hospital,www.headwatershealth.ca
Parkdale Community Health Centre,www.pchc.on.ca
Ottawa Inuit Children's Centre,www.ottawainuitchildrens.com
Payukotayno James & Hudson Bay Family Services,www.payukotayno.ca
Pathways Health Centre for Children,www.pathwayscentre.org
Ottawa Community Immigrant Services Organization (OCISO),www.ociso.org
Peterborough Youth Services,www.pysonline.ca
Pembroke Regional Hospital,www.pemreghos.org
Queen West Community Health Centre,www.ctchc.com
Rapport Youth and Family Services,rapportyouth.com
Reconnect Health Services,www.reconnect.on.ca
Rebound Child and Youth Services,www.rcys.ca
Rebound Child and Youth Services,Www.rcys.ca
Pinecrest-Queensway Community Health Centre
Reconnect Mental Health Services
Rainy River First Nation,www.rainyriverfirstnations.com
Regesh Family and Child Services,www.regesh.com
Sagashtawao Healing Lodge,www.sagashtawao.ca
Sandy Hill Community Health Centre,www.sandyhillchc.on.ca
Sandy Lake First Nation,sandylake.firstnation.ca
Rosalie Hall,www.rosaliehall.com
Sherbourne Health Centre,sherbourne.on.ca
Rideau-Rockcliffe Community Resource Centre,www.crcrr.org
Rideau-Rockcliffe Community Resource Centre,crcrr.org
Ross Memorial Hospital,www.rmh.org
Robbie Dean Family Counselling Centre,www.rdfcc.ca
Sioux Lookout Meno Ya Win Health Centre,www.slmhc.on.ca
Somerset West Community Health Centre,www.swchc.on.ca
South-East Ottawa Community Health Centre,www.seochc.on.ca
St. Leonard's Community Services,www.slcs.ca
St. Leonard's Community Services,www.st-leonards.com
Sudbury Counselling Centre,www.counsellingccs.com
Sioux Lookout First Nations Health Authority,www.slfnha.com
Six Nations Of The Grand River,www.sixnations.ca
St. Clair Child and Youth Services,www.stclairchild.ca
South Asian Community Health Services ,www.sachservices.net
South Asian Community Health Services 
Somali Centre For Family Services,www.scfsottawa.org
Vanier Children's Services,www.vanier.com
Timmins and District Hospital,www.tadh.com
Thorncliffe Neighbourhood Office,www.thorncliffe.org
Thunder Bay Counselling Centre,www.tbaycounselling.com
Timmins Family Counselling Centre,www.timminsfamilycounselling.com
Tropicana Community Services,www.tropicanacommunity.org
Turning Point Youth Services,www.turningpoint.ca
Vanier Community Service Centre,www.cscvanier.com
Thunder Bay Community Health Centre,www.norwestchc.org
Vanier Community Service Centre
Weechi-it-te-win Family Services,www.weechi.ca
Western Ottawa Community Resource Centre,www.wocrc.ca
West Lincoln Memorial Hospital,www.wlmh.on.ca
Wabano Centre for Aboriginal Health,www.wabano.com
Wabaseemoong Independent Nations
Western Area Youth Services,www.ways.on.ca
Windsor Essex Community Health Centre,www.wechc.org
Whitefish River First Nation,www.whitefishriver.ca
Wikwemikong Health Centre,www.wikyhealth.ca
Women's Health in Women's Hands Community Health Centre,www.whiwh.com
Women's Addiction Recovery Mediation,www.warmniagara.org
Woodview Children's Centre,woodview.ca
Wholistic Child and Youth,www.wholisticchildandyouth.ca
White Pines Wellness Centre,www.snhs.ca
Woolwich Counselling Centre,www.woolwichcounselling.org
"York Centre for Children, Youth and Families",www.theyorkcentre.ca
Yorktown Family Services,www.yorktownfamilyservices.com
Youth Net,www.youthnet.on.ca
R�seau Ado,www.reseauado.on.ca
Youth Services Bureau of Ottawa,www.ysb.on.ca
Youthdale Treatment Centres,www.youthdale.ca
Youthlink,www.youthlink.ca
Bereaved Families of Ontario,bfocornwall.ca
Bereaved Families of Ontario,www.griefsupport.ca
Bereaved Families of Ontario,www.bfocornwall.ca
Bereaved Families of Ontario,www.bfo-hamiltonburlington.on.ca
Bereaved Families of Ontario,www.bfomidwest.org
Bereaved Families of Ontario,www.bfodurham.net
Rainbows,www.rainbows.ca
Bereaved Families of Ontario,www.bfolondon.ca
Bereaved Families of Ontario,www.bfo-ottawa.org
Bereaved Families of Ontario
Bereaved Families of Ontario,www.bfoyr.com
Wellwood Resource Centre of Hamilton,wellwood.on.ca
John Howard Society of Durham Region,www.jhsdurham.on.ca
John Howard Society of Waterloo-Wellington,www.waterloo.johnhoward.on.ca
St. Joseph's Healthcare Hamilton,www.stjoes.ca
John Howard Society of Niagara Region,www.jhs-niagara.com
John Howard Society of Peel-Halton-Dufferin,www.johnhowardphd.ca
John Howard Society of Simcoe and Muskoka,jhssimcoemuskoka.info
Interfaith  Counselling Centre,www.interfaithcounselling.ca
Chatham-Kent Community Health Centres,ckchc.ca
Hospice Niagara,www.hospiceniagara.ca
John Howard Society of Durham Region
John Howard Society of Kawartha Lakes & Haliburton,www.jhscklh.on.ca
Family Services York Region
Markham Family Health Team,www.markhamfht.com
John Howard Society of Peterborough,www.jhsptbo.com
Bulimia Anorexia Nervosa Association,www.bana.ca
Banyan Community Services,www.banyancommunityservices.org
African Canadian Legal Clinic,www.aclc.net
Rainbows
Alexandra Marine and General Hospital,www.amgh.ca
Aamjiwnaang First Nation
Doane House Hospice,www.doanehospice.org
Danielle's Place Eating Disorder Support and Resource Centre,www.daniellesplace.org
CMHA,www.cmhamiddlesex.ca
CMHA
Coping Centre,www.copingcentre.com
Community Organized Support & Prevention,www.cosp.ca
Children's Hospital of  Eastern Ontario,www.cheo.on.ca
Hope's Garden,www.hopesgarden.org
Evergreen Hospice Markham-Stouffville,www.evgcares.org
Family Enrichment Centre,www.familyenrichmentcentre.ca
Gilda's Club Greater Toronto,www.gildasclubtoronto.org
Grimsby Life Centre,www.grimsbylife.org
Homewood Health Centre,www.homewoodhealth.com
Hospice King-Aurora,www.hospicekingaurora.com
Hospice Peterborough,www.hospicepeterborough.org
Hospice Waterloo Region,www.hospicewaterloo.ca
Hospice Richmond Hill,www.hospicerh.org
Hospice Vaughan,www.hospicevaughan.com
Hospice Toronto,www.hospicetoronto.ca
Horizons For Youth,www.horizonsforyouth.org
Hospice Georgina,www.hospicegeorgina.com
Hospice Wellington,www.hospicewellington.org
"John Howard Society of Hamilton, Burlington & Area",www.jhshamilton.on.ca
John Howard Society of Ottawa,www.ottawa.johnhoward.ca
John Howard Society of Sarnia-Lambton,www.johnhowardsarnia.com
John Howard Society of Sault Ste. Marie,www.jhsossm.ca
John Howard Society of Sudbury
John Howard Society of Windsor-Essex County,johnhoward.on.ca
Hotel Dieu Hospital,www.hoteldieu.com
Hotel Dieu Hospital
National Eating Disorder Information Centre,www.nedic.ca
"Lighthouse Peer Support Program for Children, Youth and their Caregivers",www.grievingchildrenlighthouse.org
Nog-Da-Win-Da-Min and Community Services,www.nog.ca
Nog-Da-Win-Da-Min and Community Services
Matthews House Hospice,www.matthewshousehospice.ca
North East Mental Health Centre,www.nbrhc.on.ca
McMaster University Medical Centre & Children's Hospital,www.mcmasterchildrenshospital.ca
London Children's Hospital � Eating Disorders,www.lhsc.on.ca
Greater Niagara General Hospital Site,www.niagarahealth.on.ca
Peterborough Regional Health Centre,www.prhc.on.ca
Seasons Centre for Grieving Children,www.grievingchildren.com
Ontario Shores Centre For Mental Health Sciences,www.ontarioshores.ca
Royal Victoria Regional Health Centre,www.rvh.on.ca
Sault Area Hospital,www.sah.on.ca
Orillia Soldier's Memorial Hospital,www.osmh.on.ca
Sarnia General Hospital,www.bluewaterhealth.ca
SIRCH Community Services,www.sirch.on.ca
Shkagamik-kwe Health Centre,www.skhc.ca
Sheena's Place,www.sheenasplace.org
SPCA Hamilton/Burlington,hbspca.com
St. Joseph's Hospice,stjosephshospice.ca
Sister Margaret Smith Centre,www.sjcg.net
Southlake Regional Health Centre,www.southlakeregional.org
VON Chatham-Kent,www.von.ca
The Edith Fox Life and Loss Centre,www.edithfoxcentre.org
Victim Services of Peel,www.vspeel.org
Vitanova Foundation,www.vitanova.ca
Stratford General Hospital,www.hpha.ca
Community Addiction and Mental Health Services of Haldimand and Norfolk,www.camhs.ca
Pinewood Centre,www.pinewoodcentre.org
Woodstock General Hospital,www.wgh.on.ca
Tri-county Addiction Services,www.tricas.on.ca
Addiction Outreach Muskoka Parry Sound,www.aomps.com
Fourcast,www.fourcast.ca
Addictions Centre (Hastings/Prince Edward Counties),www.addictionscentre.ca
Addiction Services for York Region,www.asyr.ca
ADAPT,www.haltonadapt.org
YMCA of Greater Toronto,ymcagta.org
North Cochrane Addiction Services,www.addictionservicestoxicomanie.com
North Cochrane Addiction Services
Alternatives for Youth
Alternatives For Youth,ayhamilton.ca
Addiction Services of Thames Valley,www.adstv.on.ca
Aamjiwnaang First Nation,www.aamjiwnaang.ca
Atikokan General Hospital,aghospital.on.ca
Bellwood Health Services,www.bellwood.ca
Breakaway Addiction Services,www.breakawayaddictions.ca
Aundeck Omni Kaning First Nation,www.aundeckomnikaningfn.com
Caritas,www.caritas.ca
Cat Lake First Nation
Community Counselling and Addiction Services,www.redlakehospital.ca
Community Addiction Services Of Niagara,www.cason.ca
Georgian Bay Native Friendship Centre,www.gbnfc.com
Jean Tweed Treatment Centre,www.jeantweed.com
Homewood Health Centre,homewood.org
Iris Addiction Recovery For Women,www.irisaddiction.ca
Jewish Addiction Community Services Toronto,www.jacstoronto.org
Malvern Family Resource Centre,mfrc.org
N'swakamok Friendship Centre,www.nfcsudbury.org
Ottawa Public Health,www.ottawa.ca
Peel Addiction Assessment and Referral Centre,www.paarc.com
Renfrew County Addiction Treatment System,www.renfrewcountyaddictiontreatment.ca
Matachewan First Nation,www.matachewanfirstnation.com
Punjabi Community Health Services,www.pchs4u.com
Operation Sharing,operationsharing.com
Saugeen First Nation,www.saugeenfirstnation.ca
Serenity Renewal For Families,serenityrenewal.ca
Shawanaga First Nation,shawanagafirstnation.ca
Rideauwood Addiction and Family Services,rideauwood.org
The Willett Hospital,www.bchsys.org
South Cochrane Addiction Services
Service de toxicomanie Cochrane-Sud
Youth Diversion Program,www.youthdiversion.org
Timmins Native Friendship Centre,www.tnfc.ca
Tungasuvvingat Inuit Community Centre,www.tungasuvvingatinuit.ca
Wahgoshig First Nation
Wahgoshig First Nation,www.wahgoshigfirstnation.com
Pioneer Youth Services,www.pioneeryouthservices.ca
Walpole Island First Nation,walpoleislandfirstnation.ca
Oakdale Child And Family Service,www.oakdaleservices.com
Arrabon House,www.arrabonhouse.org
Belleville General Hospital,www.qhc.on.ca
Brampton Civic Hospital,www.williamoslerhs.ca
Brentwood Recovery Home,www.brentwoodrecovery.com
Branson Ambulatory Care Centre,www.nygh.on.ca
Brockville General Hospital,www.bgh-on.ca
Cambridge Memorial Hospital,www.cmh.org
Centre Roberts/Smart Centre,robertssmartcentre.com
Choices Child and Adolescent Services,www.choiceschild.com
Child and Family Centre/Child and Adolescent Consultation Clinic,www.grhosp.on.ca
Crisis Response Service,crisisresponseservices.com
CMHA,www.hn.cmha.ca
Gane Yohs Community Health Centre
East Metro Youth Services,wwwemys.on.ca
Ganohkwasra Family Assault Support Services,ganohkwasra.ca
Ganohkwasra Family Assault Support Services,www.ganohkwasra.ca
Fernie Youth Services,www.fernieyouth.ca
Hands,www.LeReseaudaideauxfamilles.ca
Graham Munro Treatment Centre For Women,www.renascent.ca
Harvest House,www.harvesthouse.org
Hospital For Sick Children,www.sickkids.ca
House Of Sophrosyne,www.sophrosyne.ca
Hawkesbury and District General Hospital,www.hgh.ca
Ka-Na-Chi-Hih Specialized Solvent Abuse Treatment Centre,www.kanachihih.ca
Jubilee Centre,www.jubileecentre.ca
Ken Brown Recovery Home,www.kenbrownrecoveryhome.org
Keele Street Hospital Site,www.hrh.ca
Kingston General Hospital,www.kgh.on.ca
Kennedy House Youth Services,www.kennedyhouse.org
McMaster University Medical Centre & Children's Hospital,www.hamiltonhealthsciences.ca
Lynwood Charlton Centre,www.lynwoodcharlton.ca
Leone Residence
Mental Health And Addiction Services Of Simcoe County,cmhastarttalking.ca
Nimkee Nupigawagan Healing Centre
McMaster University Medical Centre & Children's Hospital,www.mcmasterchildrensmentalhealth.ca
Mount Sinai Hospital,www.mountsinai.on.ca
Oakville-Trafalgar Memorial Hospital,www.haltonhealthcare.on.ca
Ottawa Hospital General Campus,www.ottawahospital.on.ca
Pine River Institute,www.pineriverinstitute.com
Ouellette Campus Hospital,www.wrh.on.ca
Public General Hospital Society Of Chatham,www.ckha.on.ca
Queensway-Carleton Hospital,www.qch.on.ca
Rockhaven Recovery,www.rockhavenrecovery.ca
Sancta Maria House,www.smhtoronto.org
ROCK Reach Out Centre for Kids,child-and-family-services
Royal Ottawa Health Care Group,www.theroyal.ca
St. Joseph's Health Centre Toronto,www.stjoe.on.ca
St. Michael's Hospital,www.stmichaelshospital.com
Sunnybrook Health Sciences Hospital,www.sunnybrook.ca
The Inn Of Windsor- Residential Treatment Program,www.theinnofwindsor.com
Thunder Bay Regional Health Sciences Centre,www.tbrhsc.net
Waterloo Regional Homes For Mental Health,www.waterlooregionalhomes.com
Wee Che He Wayo Gamik Family Treatment Centre,weechehewayogamik.com
Transition House,www.thousetoronto.org
Toronto General Hospital,www.eatingdisorderuhn.ca
Toronto East General Hospital,www.tegh.on.ca
Womankind Addiction Services,
Timiskaming Health Unit,www.timiskaminghu.com
Alexandra Hospital,www.alexandrahospital.on.ca
Arnprior And District Memorial Hospital,www.arnpriorregionalhealth.ca
Campbellford Memorial Hospital,www.cmh.ca
Chapleau Health Services/services De Sante De Chapleau,www.sschs.ca
Collingwood General and Marine Hospital,cgmh.on.ca
Choices Child and Adolescent Services,choiceschild.com
Chippewas Of The Thames First Nation,www.cottfn.com
Trillium Health Partners,www.trilliumhealthpartners.ca
Syst�me de sant� de niagara
Erie,www.eriestclairclinic.com
Grand River Community Health Centre,www.grandriverchc.ca
Fort William,fortwilliamfhn.ca
Haliburton Highlands Mental Health Services,www.hhhs.on.ca
Hornepayne Community Hospital,www.hornepaynecommunityhospital.ca
Joseph Brant Hospital,www.josephbranthospital.ca
La Maison Renaissance,www.maisonrenaissance.com
Kingston Mental Health Services Site,www.providencecare.ca
Little Current Hospital,www.manitoulinhealthcentre.com
Leamington District Memorial Hospital,www.leamingtonhospital.com
Kirkland and District Hospital,www.kdhospital.com
Markham-Stouffville Hospital,www.msh.on.ca
Mackenzie Richmond Hill Hospital,www.mackenziehealth.ca
Maryvale Adolescent And Family Services,www.maryvale.ca
Mattawa General Hospital,www.nmhhss.ca
Noojmowin Teg Health Centre,www.noojmowin-teg.ca
Northumberland Hills Hospital,www.nhh.ca
Parkwood Institute,www.sjhc.london.on.ca
Owen Sound Hospital,www.gbhs.on.ca
Renfrew Victoria Hospital,www.renfrewhosp.com
Ray of Hope,www.rayofhope.net
Rouge Valley Centenary Health Centre Site,www.rougevalley.ca
Sherbourne Health Centre,www.sherbourne.on.ca
Smith Falls Community Health Centre,www.rideauchs.ca
Stevenson Memorial Hospital,www.smhosp.on.ca
St. Mary's General Hospital,www.smgh.ca
St. Joseph's Hospital Elliot Lake,www.sjgh.ca
Tikinagan Child And Family Services,www.tikinagan.org
Toronto General Hospital,www.uhn.ca
West Nipissing General Hospital,www.wngh.ca
Woodstock Hospital General Trust
Women's College Hospital,www.womenscollegehospital.ca
Lanark County Mental Health,www.lanarkmentalhealth.com
24.7 Crisis Support Peel,www.peelpolice.on.ca
Almonte General Hospital,www.almontegeneral.com
Canadian Mental Health Association,www.cmhastarttalking.ca
Centre 454,www.centre454.ca
Brunswick House First Nation,www.brunswickhousefirstnation.com
Beaver House First Nation,www.wabun.on.ca
Carleton Place and District Memorial Hospital,www.carletonplacehospital.ca
Church Street Hospital Site,www.hrrh.on.ca
CMHA,www.peel.cmha.ca
Charlton Campus Hospital,www.coasthamilton.ca
CMHA,www.cmhagb.org
CMHA,www.thunderbay.cmha.ca
Crisis Outreach and Support Team (COAST),coastniagara.ca
Crisis Outreach and Support Team (COAST),halton.cmha.ca
Crisis Outreach and Support Team (COAST)
Distress Centre Ottawa and Region,www.dcottawa.on.ca
Developmental Services Of Leeds And Grenville,www.developmentalservices.com
Gateway Community Health Centre
Four County Crisis Team,www.4countycrisis.com
Crisis Outreach and Support Team (COAST),www.police.windsor.on.ca
Geraldton District Hospital,www.geraldtondh.com
Gerstein Centre,www.gersteincentre.org
Norfolk General Hospital,www.ngh.on.ca
Odawa Native Friendship Centre,www.odawa.on.ca
M'Chigeeng First Nation,www.mchigeeng.ca
Matawa First Nation,www.matawa.on.ca
Ojibway Family Resource Centre,www.ojibwaywomenslodge.ca
Peel Crisis Capacity Network,www.peelcrisiscapacitynetwork.ca
Perth Great War Memorial Site,www.psfdh.on.ca
Port Cares,www.portcares.ca
Pinecrest-Queensway Community Health Centre,www.pqchc.com
Scarborough Hospital � Birchmount Campus,www.tsh.to
Youth Services Bureau of Ottawa,www.ysb.ca
Youthdale Treatment Centres,youthdale.ca
Langs,www.langs.org
Tangerine Walk-In Counselling
Chatham-Kent Community Health Centres,www.ckchc.ca
Young Ones,www.youngones.ca
Stella's Place,www.stellasplace.ca
